{"cameraMode":{"drawMode":0,"name":"Shaded","section":"Shading Mode"},"sceneLighting":true,"audioPlay":false,"sceneViewState":{"showFog":true,"showMaterialUpdate":false,"showSkybox":true,"showFlares":true,"showImageEffects":true,"showParticleSystems":true},"in2DMode":false,"pivot":{"x":-0.44899216294288638,"y":1.9981918334960938,"z":0.5787556767463684},"rotation":{"x":0.04048781469464302,"y":0.007493743672966957,"z":-0.00030366028659045696,"w":0.9991519451141357},"size":9.342700958251954,"orthographic":false}